{"cameraMode":{"drawMode":0,"name":"Shaded","section":"Shading Mode"},"sceneLighting":false,"audioPlay":false,"sceneViewState":{"showFog":true,"showMaterialUpdate":false,"showSkybox":false,"showFlares":true,"showImageEffects":true,"showParticleSystems":true},"in2DMode":false,"pivot":{"x":1.538463830947876,"y":0.9482102394104004,"z":4.420191287994385},"rotation":{"x":-0.08405473828315735,"y":0.9093906879425049,"z":-0.33950668573379519,"w":-0.2251463085412979},"size":16.81835174560547,"orthographic":false}