{"cameraMode":{"drawMode":0,"name":"Shaded","section":"Shading Mode"},"sceneLighting":false,"audioPlay":false,"sceneViewState":{"showFog":true,"showMaterialUpdate":false,"showSkybox":true,"showFlares":true,"showImageEffects":true,"showParticleSystems":true},"in2DMode":false,"pivot":{"x":222.849609375,"y":114.79554748535156,"z":11.33660888671875},"rotation":{"x":0.2331005036830902,"y":0.06557959318161011,"z":-0.01575508527457714,"w":0.9701219797134399},"size":550.0750122070313,"orthographic":false}