{"cameraMode":{"drawMode":0,"name":"Shaded","section":"Shading Mode"},"sceneLighting":false,"audioPlay":false,"sceneViewState":{"showFog":true,"showMaterialUpdate":false,"showSkybox":true,"showFlares":true,"showImageEffects":true,"showParticleSystems":true},"in2DMode":false,"pivot":{"x":-4.211802959442139,"y":-0.4802231788635254,"z":3.351943016052246},"rotation":{"x":-0.3192734122276306,"y":0.5030130743980408,"z":-0.20694859325885774,"w":-0.7760353684425354},"size":6.238839149475098,"orthographic":false}